Generation Prompt Used,correctness,completeness_reference,faithfulness,completeness_question
Basic_RAG_Prompt,4.96,4.9,4.993333333333333,4.933333333333334
COT_Prompt,4.933333333333334,4.826666666666667,4.986666666666666,4.96
No_Context_Prompt,3.7333333333333334,2.6733333333333333,3.933333333333333,4.153333333333333
