Generation Prompt Used,correctness,completeness_reference,faithfulness,completeness_question
Basic_RAG_Prompt,4.833333333333333,4.553333333333334,4.92,4.866666666666666
COT_Prompt,4.826666666666667,4.586666666666667,4.92,4.786666666666667
No_Context_Prompt,3.1666666666666665,1.8533333333333333,3.1933333333333334,3.5866666666666664
