Generation Prompt Used,correctness,completeness_reference,faithfulness,completeness_question
Basic_RAG_Prompt,4.886666666666667,4.72,4.966666666666667,4.866666666666666
COT_Prompt,4.8133333333333335,4.6866666666666665,4.953333333333333,4.873333333333333
No_Context_Prompt,3.1666666666666665,2.3066666666666666,3.2666666666666666,4.166666666666667
