Generation Prompt Used,correctness,completeness_reference,faithfulness,completeness_question
Basic_RAG_Prompt,4.026666666666666,3.6133333333333333,4.386666666666667,4.333333333333333
COT_Prompt,4.226666666666667,3.7333333333333334,4.52,4.486666666666666
No_Context_Prompt,2.88,2.18,2.8666666666666667,3.6933333333333334
